{
  "GET /api/posts/1" : {
    "transaction" : "GET /api/posts/1",
    "sampleCount" : 734,
    "errorCount" : 164,
    "errorPct" : 22.343325,
    "meanResTime" : 377.45504087193495,
    "medianResTime" : 382.5,
    "minResTime" : 8.0,
    "maxResTime" : 1296.0,
    "pct1ResTime" : 724.0,
    "pct2ResTime" : 805.0,
    "pct3ResTime" : 1109.65,
    "throughput" : 24.569037656903767,
    "receivedKBytesPerSec" : 33.00758368200837,
    "sentKBytesPerSec" : 2.2731433054393304
  },
  "Total" : {
    "transaction" : "Total",
    "sampleCount" : 16799,
    "errorCount" : 733,
    "errorPct" : 4.363355,
    "meanResTime" : 65.79516637895132,
    "medianResTime" : 37.0,
    "minResTime" : 3.0,
    "maxResTime" : 1296.0,
    "pct1ResTime" : 119.0,
    "pct2ResTime" : 160.0,
    "pct3ResTime" : 566.0,
    "throughput" : 562.3096234309623,
    "receivedKBytesPerSec" : 1403.1443187761506,
    "sentKBytesPerSec" : 66.16586035564853
  },
  "GET /api/items" : {
    "transaction" : "GET /api/items",
    "sampleCount" : 2985,
    "errorCount" : 197,
    "errorPct" : 6.599665,
    "meanResTime" : 92.58961474036857,
    "medianResTime" : 88.0,
    "minResTime" : 3.0,
    "maxResTime" : 326.0,
    "pct1ResTime" : 142.0,
    "pct2ResTime" : 167.0,
    "pct3ResTime" : 219.27999999999975,
    "throughput" : 99.9163179916318,
    "receivedKBytesPerSec" : 497.90896312761504,
    "sentKBytesPerSec" : 12.303216527196653
  },
  "GET /api/posts" : {
    "transaction" : "GET /api/posts",
    "sampleCount" : 3072,
    "errorCount" : 175,
    "errorPct" : 5.6966147,
    "meanResTime" : 90.0442708333334,
    "medianResTime" : 85.0,
    "minResTime" : 11.0,
    "maxResTime" : 299.0,
    "pct1ResTime" : 137.0,
    "pct2ResTime" : 159.0,
    "pct3ResTime" : 212.0,
    "throughput" : 102.83533625682054,
    "receivedKBytesPerSec" : 402.83116495246543,
    "sentKBytesPerSec" : 12.785080538864525
  },
  "GET /api/boards" : {
    "transaction" : "GET /api/boards",
    "sampleCount" : 10008,
    "errorCount" : 197,
    "errorPct" : 1.9684253,
    "meanResTime" : 27.502498001598664,
    "medianResTime" : 25.0,
    "minResTime" : 3.0,
    "maxResTime" : 177.0,
    "pct1ResTime" : 47.0,
    "pct2ResTime" : 56.0,
    "pct3ResTime" : 83.0,
    "throughput" : 335.02945902517405,
    "receivedKBytesPerSec" : 469.4707182938873,
    "sentKBytesPerSec" : 38.80917304457351
  }
}