{
  "GET /api/posts/1" : {
    "transaction" : "GET /api/posts/1",
    "sampleCount" : 1272,
    "errorCount" : 384,
    "errorPct" : 30.188679,
    "meanResTime" : 433.1713836477988,
    "medianResTime" : 516.5,
    "minResTime" : 3.0,
    "maxResTime" : 1126.0,
    "pct1ResTime" : 743.7,
    "pct2ResTime" : 823.3499999999999,
    "pct3ResTime" : 1004.3499999999999,
    "throughput" : 42.551767972435016,
    "receivedKBytesPerSec" : 61.18933571404676,
    "sentKBytesPerSec" : 3.539185595289867
  },
  "Total" : {
    "transaction" : "Total",
    "sampleCount" : 18026,
    "errorCount" : 1841,
    "errorPct" : 10.213026,
    "meanResTime" : 121.97570176411779,
    "medianResTime" : 85.0,
    "minResTime" : 3.0,
    "maxResTime" : 1126.0,
    "pct1ResTime" : 230.0,
    "pct2ResTime" : 386.0,
    "pct3ResTime" : 702.0,
    "throughput" : 602.7754556094299,
    "receivedKBytesPerSec" : 1608.1968551454606,
    "sentKBytesPerSec" : 67.08799871467981
  },
  "GET /api/items" : {
    "transaction" : "GET /api/items",
    "sampleCount" : 3824,
    "errorCount" : 466,
    "errorPct" : 12.1861925,
    "meanResTime" : 143.7609832635985,
    "medianResTime" : 135.0,
    "minResTime" : 3.0,
    "maxResTime" : 559.0,
    "pct1ResTime" : 237.0,
    "pct2ResTime" : 281.0,
    "pct3ResTime" : 400.5,
    "throughput" : 127.87159337903361,
    "receivedKBytesPerSec" : 616.4842313158334,
    "sentKBytesPerSec" : 14.8037143663267
  },
  "GET /api/posts" : {
    "transaction" : "GET /api/posts",
    "sampleCount" : 3903,
    "errorCount" : 465,
    "errorPct" : 11.913913,
    "meanResTime" : 140.8565206251605,
    "medianResTime" : 134.0,
    "minResTime" : 3.0,
    "maxResTime" : 729.0,
    "pct1ResTime" : 234.0,
    "pct2ResTime" : 277.0,
    "pct3ResTime" : 372.8000000000002,
    "throughput" : 130.653098115355,
    "receivedKBytesPerSec" : 497.744716958039,
    "sentKBytesPerSec" : 15.17262923459311
  },
  "GET /api/boards" : {
    "transaction" : "GET /api/boards",
    "sampleCount" : 9027,
    "errorCount" : 526,
    "errorPct" : 5.8269634,
    "meanResTime" : 60.73280159521444,
    "medianResTime" : 59.0,
    "minResTime" : 3.0,
    "maxResTime" : 440.0,
    "pct1ResTime" : 116.0,
    "pct2ResTime" : 143.0,
    "pct3ResTime" : 222.71999999999935,
    "throughput" : 302.17922538747365,
    "receivedKBytesPerSec" : 433.79992881322596,
    "sentKBytesPerSec" : 33.62610703017775
  }
}